{
    "age_map": {
        "Más de 50 años": 0,
        "Entre 30 y 50 años": 1,
        "Entre 20 y 30 años": 2,
        "Entre 10 y 20 años": 3,
        "Entre 5 y 10 años": 4,
        "Menos de 5 años": 5
    },
    "condition_map": {
        "A reformar": 0,
        "En buen estado": 1,
        "Reformado": 2,
        "A estrenar": 3
    },
    "barrio_target_map": {
        "Abrantes": 1700.0,
        "Acacias": 1789.2857142857142,
        "Adelfas": 2410.0,
        "Alameda de Osuna": 1902.25,
        "Almagro": 3480.1075268817203,
        "Almenara": 1873.7954545454545,
        "Almendrales": 1078.3333333333333,
        "Aluche": 1083.3333333333333,
        "Ambroz": 2100.0,
        "Amposta": 1168.3333333333333,
        "Arapiles": 2180.8055555555557,
        "Aravaca": 3775.5555555555557,
        "Argüelles": 2872.3939393939395,
        "Atalaya": 1650.0,
        "Atocha": 1799.75,
        "Bellas Vistas": 1752.3333333333333,
        "Berruguete": 1299.1666666666667,
        "Buenavista": 1219.4444444444443,
        "Butarque": 1061.8,
        "Campamento": 900.0,
        "Canillas": 1517.9166666666667,
        "Canillejas": 1296.25,
        "Casa de Campo": 1858.3333333333333,
        "Casco Histórico de Barajas": 1319.1666666666667,
        "Casco Histórico de Vallecas": 1161.0,
        "Castellana": 3843.846153846154,
        "Castilla": 2916.25,
        "Castillejos": 2003.888888888889,
        "Chopera": 1410.0,
        "Ciudad Jardín": 2308.5714285714284,
        "Ciudad Universitaria": 1642.5,
        "Colina": 1900.0,
        "Comillas": 1185.0,
        "Concepción": 1134.888888888889,
        "Corralejos": 1383.3333333333333,
        "Cortes-Huertas": 2063.7916666666665,
        "Costillares": 2112.5,
        "Cuatro Caminos": 2323.548387096774,
        "Cármenes": 1270.0,
        "Delicias": 1378.3333333333333,
        "Desconocido": 4201.633333333333,
        "El Cañaveral": 1454.7142857142858,
        "El Pardo": 3740.0,
        "El Plantío": 3166.6666666666665,
        "El Viso": 3791.6666666666665,
        "Embajadores-Lavapiés": 1472.575,
        "Ensanche de Vallecas-Valdecarros": 1283.3333333333333,
        "Entrevías": 1100.0,
        "Estrella": 2425.0,
        "Fontarrón": 1350.0,
        "Fuente del Berro": 1932.2,
        "Fuentelarreina": 4150.0,
        "Gaztambide": 2417.2380952380954,
        "Goya": 2949.7093023255816,
        "Guindalera": 2363.560975609756,
        "Hellín": 1035.0,
        "Hispanoamérica": 2806.7045454545455,
        "Ibiza": 2985.909090909091,
        "Imperial": 1718.409090909091,
        "Jerónimos": 4703.695652173913,
        "Justicia-Chueca": 3353.04,
        "La Paz": 2090.0,
        "Las Tablas": 2251.6666666666665,
        "Las Águilas": 1312.5,
        "Legazpi": 1438.857142857143,
        "Lista": 2381.7391304347825,
        "Los Berrocales-Los Ahijones": 1300.0,
        "Los Rosales": 982.5,
        "Los Ángeles": 1074.5,
        "Lucero": 1174.2857142857142,
        "Marroquina": 1181.25,
        "Mirasierra-Arroyo del Fresno": 2258.3333333333335,
        "Montecarmelo": 1875.0,
        "Moscardó": 925.0,
        "Niño Jesús": 2293.733333333333,
        "Nueva España": 2913.703703703704,
        "Numancia": 1008.0,
        "Opañel": 1325.0,
        "Orcasitas": 1300.0,
        "Orcasur": 1202.5,
        "Pacífico": 1852.5,
        "Palacio": 3220.234693877551,
        "Palomas": 2883.3333333333335,
        "Palomeras Bajas": 1181.25,
        "Palos de Moguer": 1465.0,
        "Pau de Carabanchel": 1023.3333333333334,
        "Pavones": 1290.0,
        "Peñagrande": 1422.5,
        "Pilar": 1257.142857142857,
        "Pinar del Rey": 1663.5714285714287,
        "Piovera": 1722.8125,
        "Pradolongo": 688.9285714285714,
        "Prosperidad": 2704.375,
        "Pueblo Nuevo": 1266.0,
        "Puerta Bonita": 1087.857142857143,
        "Puerta del Ángel": 1196.5,
        "Quintana": 1350.0,
        "Recoletos": 4556.951612903225,
        "Rejas": 1212.5,
        "Rosas": 916.6666666666666,
        "Río Rosas": 2586.9166666666665,
        "Salvador": 1800.0,
        "San Andrés": 1057.857142857143,
        "San Cristóbal": 1177.5,
        "San Diego": 1064.375,
        "San Fermín": 1263.3333333333333,
        "San Isidro": 1149.4444444444443,
        "San Juan Bautista": 1643.75,
        "San Pascual": 1713.5714285714287,
        "Sanchinarro": 1501.25,
        "Santa Eugenia": 1150.0,
        "Simancas": 1633.2222222222222,
        "Sol": 2428.85,
        "Timón": 1345.0,
        "Trafalgar": 2844.871794871795,
        "Universidad-Malasaña": 2349.5757575757575,
        "Valdeacederas": 1308.4,
        "Valdebebas-Valdefuentes": 3161.25,
        "Valdebernardo": 1300.0,
        "Valdemarín": 3250.0,
        "Valderrivas": 3093.3333333333335,
        "Valdezarza": 1645.5555555555557,
        "Vallehermoso": 2258.5714285714284,
        "Valverde": 1161.6666666666667,
        "Ventas": 1352.5,
        "Virgen del Cortijo-Manoteras": 1725.0,
        "Vista Alegre": 1345.0,
        "Zofío": 836.3636363636364
    },
    "final_feature_list": [
        "barrio_encoded",
        "latitude",
        "longitude",
        "adaptado_movilidad_reducida",
        "aire_acondicionado",
        "antiguedad",
        "armarios_empotrados",
        "ascensor",
        "balcon",
        "banos",
        "calefaccion",
        "chimenea",
        "cocina_equipada",
        "conservacion",
        "exterior",
        "garaje",
        "habitaciones",
        "jardin",
        "piscina",
        "puerta_blindada",
        "sistema_seguridad",
        "superficie_construida",
        "terraza",
        "trastero",
        "vidrios_dobles",
        "planta_numerica",
        "acepta_mascotas",
        "amueblado_True",
        "amueblado_nan"
    ]
}